ordre,prenom,uid,sexe,age_min,age_median,age_max
1,Medhi,31482440SE,,0,0,0
2,LESLIE,160D6D7ESE,F,16,16,19
3,Charlene,764E0D06SE,,0,0,0
4,Nicolas,2B270D1CV1,M,8,18,58
5,Arthur,434E3D1BES,M,8,13,32
6,Estelle,24191629SE,F,8,14,46
7,Clemence,422F1302SE,F,8,14,36
8,Julie,29492F50SE,F,8,15,46
9,Zohra,1679701FV2,F,8,8,8
10,ANNE,1B65611ESE,F,9,73.5,120
11,David,2E492044SE,M,8,19,54
12,Celine,4D45290ASE,F,8,38,53
13,Corinne,5A2F1B1AV2,,45,55,65
14,AMANDINE,601E0913SE,F,8,15.5,39
15,Elise,3B532049SE,F,8,12.0,120
16,Virginie,146C4E0FV1,F,16,42,55
17,Camille,3C1A1E29V1,F,8,14,120
18,Andrea,5D310D48SE,F,8,13.0,120
19,Virginie,130D6C5BV1,F,16,42,55
20,Elodie,291E494BSE,F,8,18.5,43
21,Florence,160C634ESE,F,9,54.5,75
22,Gilles,0E584F36SE,,47,60,76
23,ARNAUD,056A6204V1,M,8,28.5,56
24,Sylvain,0D26310CSE,M,8,36,55
25,Beatrice,1A64571FSE,F,8,55,71
26,Carole,4F5B3814SE,,35,48.5,60
27,Christelle,0F701E2BV1,F,10,40.5,52
28,FABIENNE,0F176874V1,,12,54.5,66
29,Fabienne,301B136ASE,,12,54.5,66
30,Manon,30543D5CSE,F,8,12.0,29
31,MARION,00766518SE,F,8,15,42
32,Arnaud,4134164BV1,M,8,28.5,56
33,Gwenola,2702032CV1,,0,0,0
34,Elodie,585F3701SE,F,8,18.5,43
35,Melanie,0B1A2028SE,F,8,32.5,42
36,Simon,4C395355SE,M,8,13.0,38
37,Caroline,684B0618SE,F,8,35,64
38,Julien,000D7B05V1,M,8,16.5,120
39,Maelle,0955422CSE,F,8,10.0,11
40,CLARISSE,011B1275V1,F,8,13,19
41,Sebastien,2B150B66SE,M,8,37,51
42,CATHERINE,1E087401V2,F,8,65.5,120
43,Raoul,4938462EV2,M,8,108,120
44,Anais,2D49324BSE,,27,33,35
45,Anthony,032C3E08SE,M,8,17.5,49
46,Armelle,04213D10V1,F,9,9,9
47,Emilie,404F3F15SE,F,8,15,118
48,Rozenn,53462F1CV2,,0,0,0
49,Angelique,11711A70SE,F,10,36,45
50,VALERIE,0E01141BV1,M,13,48.5,59
51,Marion,422F1753SE,F,8,15,42
52,Thomas,2A402D15SE,M,8,14.0,46
53,Gregoire,2B131076CA,M,8,12,16
54,Livio,4B215C23SE,M,8,11,12
55,Anaelle,0800352CSE,F,10,12,16
56,Camille,4A270A09SE,F,8,14,120
57,Cecilia,2C040428SE,F,8,13,16
58,Guillaume,413F0816V1,M,8,18,115
59,Nelly,224C3740V1,F,8,15.0,44
60,Jeremie,1B213F04SE,M,8,12,16
61,Stephane,2D5A2F09V1,M,8,44,64
62,Maud,40642E36V1,F,8,13,19
63,Christophe,34432408SE,M,9,43,65
64,SEVERINE,0D061F67V1,,38,44.5,50
65,Chrystele,77107510V1,,0,0,0
66,Alexis,2B175556SE,M,8,13,118
67,Jean,20224E6FV1,M,8,52.5,120
68,PHILIPPINE,1508691BSE,F,8,12.5,16
69,Nathalie,391C1862SE,F,8,44.5,64
70,JULIEN,05610E05SE,M,8,16.5,120
71,Aymeris,3806042FSE,,0,0,0
72,Myriam,5D4E270ESE,F,8,44,68
73,Thierry,1A252A0BV1,M,11,52,67
74,Maryline,0F0B6E43V1,,0,0,0
75,Catherine,4B360D01V2,F,8,65.5,120
76,Sophie,4B3B1958V1,F,8,34,64
77,SOPHIE,0D6A7811SE,F,8,34,64
78,Alexandre,3B583E19CA,M,8,16.0,120
79,Maud,2B447638SE,F,8,13,19
80,Philippe,374C2703V1,M,8,64.5,112
81,Romane,33412211ES,F,8,12.0,23
82,Veronique,2C4F2617V2,,42,54,66
83,Sylvain,46360C12V1,M,8,36,55
84,VALERIE,75001419V1,M,13,48.5,59
85,Pierre,2F075753V1,M,8,41.5,120
86,Catherine,25040A68V2,F,8,65.5,120
87,Daniel,221A5C45V2,M,8,74,120
88,Nic,0F3B2705SE,,0,0,0
89,Stephane,5D371511V1,M,8,44,64
90,Adeline,06202B11SE,F,10,16,40
91,Julia,3C553E41SE,F,8,11.0,25
92,Marie,20492844SE,F,8,41,120
93,Solenn,0C4E403ACA,F,11,14,16
94,Tristan,1E00312CV1,M,8,12.5,21
95,Juliette,0A026245CA,F,8,16,120
96,Jacqueline,7A182E7EV2,F,9,86,115
97,MARINA,69030077SE,F,8,16,42
98,Maude,553E4920SE,F,13,14.5,16
99,Chloe,294B2651SE,F,8,13.5,34
100,MATHIEU,02010E03SE,M,8,15.0,46
101,Virginie,3902146CSE,F,16,42,55
102,Guillaume,63027810SE,M,8,18,115
103,Solenn,2B044852SE,F,11,14,16
104,Yvonnick,18146A4BV2,,0,0,0
105,Gyorgyi,270D0623V1,,0,0,0
106,Joel,6820294DV2,,53,64.5,77
107,Kevin,38492540SE,M,8,15,37
108,CELINE,6564060DSE,F,8,38,53
109,Christelle,1B6A1830V1,F,10,40.5,52
110,Nestor,075D512FCA,,0,0,0
111,Caroline,0F242748V2,F,8,35,64
112,ELODIE,06137075SE,F,8,18.5,43
113,Philippe,1518604FV2,M,8,64.5,112
114,Chrystelle,17167C0AV1,,45,47,49
115,CELINE,0E027E65V1,F,8,38,53
116,JEROME,04026063V1,,32,45,60
117,Olivier,021A3D2AV1,M,8,40,67
118,Kevin,26482342SE,M,8,15,37
119,Xavier,5D442004SE,M,8,42,72
120,Julie,255A2F45SE,F,8,15,46
121,Celine,4E443600SE,F,8,38,53
122,Emmanuelle,51210D09V1,F,8,38,54
123,Graziella,241D0A75V1,,0,0,0
124,Laurent,23050634V1,M,8,44.5,120
125,Mathilde,2E07176ESE,F,8,13,120
126,FRANCK,0F13656FV1,M,8,47,66
127,ZIA,120C1505CA,F,11,11.0,11
128,Marc,6B3E2C52V1,M,8,65,120
129,DAVID,0B6E1362SE,M,8,19,54
130,Vanessa,260F1E27SE,F,8,34,48
131,Melanie,462D0B0ASE,F,8,32.5,42
132,HERVE,1875197BV1,,47,59.5,73
133,Samuel,350B4E5BSE,M,8,12,22
134,Virginie,1C6D4F09SE,F,16,42,55
135,Elisabeth,050D7200V1,F,8,66,120
136,Jean-Charles,2D087A59SE,,0,0,0
137,KAELIG,6A0C0676SE,,0,0,0
138,FABIEN,05097C79V3,M,8,35,52
139,Laetitia,23131767V1,F,8,33,50
140,Caroline,24453B13SE,F,8,35,64
141,NICOLAS,1E65160FV1,M,8,18,58
142,Alan,3F48763DV1,M,8,13,19
143,Celine,324F3F13SE,F,8,38,53
144,Amelie,0F5B5B31SE,F,8,35,119
145,Anne Solenn,663A0C63SE,,0,0,0
146,Antony,5F5F3813V1,M,8,14,17
147,Isabelle,2B020660V1,F,8,50,120
148,Guillaume,472F1404SE,M,8,18,115
149,Corentin,2E1B1A66SE,M,8,12,26
150,Anne-Sophie,77561130SE,F,12,21.5,31
151,Denis,4C3A523FSE,M,8,57,73
152,Guenaelle,1C1F6B02V1,,0,0,0
153,MARINA,0C616210SE,F,8,16,42
154,SONIA,661A721ASE,F,8,35,52
155,Coralie,42280300SE,F,8,16.0,37
156,Maxence,4624070ASE,M,8,12,19
157,Celine,0C5F423ASE,F,8,38,53
158,David,4835522CV1,M,8,19,54
159,Ewen,39364E60CA,M,8,12.0,19
160,Seranne,452E1715SE,,0,0,0
161,Emeline,163B271ESE,F,9,14.5,19
162,Dominique,26111072V2,X,13,63,82
163,Ronan,502F5726SE,M,9,14,19
164,Zenaide,101C2B22SE,,0,0,0
165,SANDIE,1D17706CV1,,0,0,0
166,Anne-Sophie,06675118SE,F,12,21.5,31
167,Manon,24572C53CA,F,8,12.0,29
168,Alain,4E254E34V1,M,14,69.5,93
169,Christian,1D7D1F6BV3,M,8,73,107
170,Sabrina,05223908SE,F,8,16.5,43
171,Maude,533E4F5FSE,F,13,14.5,16
172,Laurence,1A0C1F37V1,,42,54,66
173,Patrick,433C0F0DV1,M,8,60.5,86
174,SOPHIE,7A6A190DV1,F,8,34,64
175,Anne,34417139V1,F,9,73.5,120
176,Marina,2C045D4BSE,F,8,16,42
177,Stephanie,03187111V1,F,9,41,54
178,Magali,04564B32V1,,35,42.5,47
179,Stephanie,13097512SE,F,9,41,54
180,Janick,4D4B240BV1,,0,0,0
181,Geraldine,4A2B1F10SE,,43,45.5,51
182,Arnaud,14444F25SE,M,8,28.5,56
183,Chloe,3F4F264DSE,F,8,13.5,34
184,Isabelle,1D664409V2,F,8,50,120
185,KARENE,15726805SE,,0,0,0
186,Virgile,2A010D27V1,M,8,13,17
187,Laura,50224458SE,F,8,13,36
188,Marie,4B27445FSE,F,8,41,120
189,Nathalie,422B160BV1,F,8,44.5,64
190,Loise,384E2B47SE,,0,0,0
191,Tifenn,5347341DSE,,0,0,0
192,DAVID,04691963V1,M,8,19,54
193,Philippe,3B4C201FSE,M,8,64.5,112
194,EMILIE,02637D09SE,F,8,15,118
195,ISABELLE,13197560V1,F,8,50,120
196,Gwenole,1E073924V1,,0,0,0
197,Vincent,17272209SE,M,8,28.5,103
198,Firmin,514F3C07SE,,8,8,8
199,Claire,0F5F5822V2,F,8,29.5,120
200,Olivia,01434735SE,F,8,11,17
201,Karine,025A5930V1,F,14,44,54
202,Simon,4A235D3ASE,M,8,13.0,38
203,Charlotte,3E0F0572SE,F,8,16,120
204,Marion,194E5022SE,F,8,15,42
205,Marie-Cecile,72031817SE,,0,0,0
206,Didier,23175D5EV3,,48,60.5,73
207,Katell,01415531V1,F,8,11.0,14
208,Vincent,2527503FV1,M,8,28.5,103
209,Chloe,052F2443ES,F,8,13.5,34
210,Didier,022E2C45V1,,48,60.5,73
211,Quentin,17322D42CA,M,8,13,34
212,MARIE,7E126013ES,F,8,41,120
213,Pascal,0B524129V2,M,13,51.5,66
214,NINON,660B6611JU,F,8,11.5,19
215,Nathalie,280C127FV1,F,8,44.5,64
216,Laurence,26020465V1,,42,54,66
217,Francois,1C3A3C48SE,,33,77.5,120
218,Hugues,3C015744V1,M,11,15,55
219,Caroline,39051178SE,F,8,35,64
220,Elodie,3A044755SE,F,8,18.5,43
221,Nadine,36094C58V3,F,10,63,74
222,Nicolas,34051D38SE,M,8,18,58
223,Stephanie,2D18066BSE,F,9,41,54
224,Laure-Anne,0F1F1C75SE,,0,0,0
225,Maud,0625215ESE,F,8,13,19
226,GAELLE,0A65181EV1,,34,39,44
227,Damien,26025D5FSE,M,8,18,46
228,DAVID,15691874SE,M,8,19,54
229,Frederic,360D0172V1,M,11,48,66
230,Karine,22482103V1,F,14,44,54
231,Benoit,3E104459V1,M,12,44.5,61
232,Yann,28204E7CV2,M,8,12,49
233,Nadege,0E47432CSE,,36,44,47
234,STEPHANE,1F0D7073V1,M,8,44,64
235,Fabrice,0E1B3222SE,M,16,46.5,56
236,Arnaud,5D4A391DSE,M,8,28.5,56
237,FABRICE,0403121EV1,M,16,46.5,56
238,Jean-paul,13047E59V2,,64,72,77
239,Yoann,463E4320SE,M,8,12.5,36
240,Lena,2B2B4169SE,F,8,12.0,17
241,Chrystelle,543D1811V2,,45,47,49
242,Benoit,3E4B2702SE,M,12,44.5,61
243,Emma,71232C52CA,F,8,12.0,28
244,MARION,780F1F79SE,F,8,15,42
245,Caroline,5E2E0818SE,F,8,35,64
246,Kristel,390D1E34SE,,0,0,0
247,STEPHANIE,0D181068V1,F,9,41,54
248,Laura,3E45374FSE,F,8,13,36
249,Nathalie,3E000564V1,F,8,44.5,64
250,CYRIL,6F117402CA,M,8,35,53
251,ISABELLE,6412171EV2,F,8,50,120
252,Justine,2519073CSE,F,8,13,32
253,Annie,0C001901V2,,56,73.5,93
254,ERWAN,096E0379V1,M,8,12.0,19
255,Geraldine,0703601BSE,,43,45.5,51
256,Camille,2D100F24SE,F,8,14,120
257,Chrystele,5F2D061ASE,,0,0,0
258,JEAN-LUC,1E6F6D03V2,,55,62.5,70
259,Anne France,2E076341V1,,0,0,0
260,Christelle,076A1038SE,F,10,40.5,52
261,Benoit,46432814SE,M,12,44.5,61
262,Jerome,251D5F40SE,,32,45,60
263,Lucie,4F274934SE,F,8,15,120
264,Anne-Gaelle,2F146C4CV1,,0,0,0
265,Aude,30304564V1,F,11,16,42
266,Jean-Christophe,20127042V1,,0,0,0
267,Yannick,041E273FV1,M,9,44,72
268,Philippe,12186550V2,M,8,64.5,112
269,Emmanuelle,1404610BV1,F,8,38,54
270,SARAH,691A6014SE,F,8,14,42
271,Ludovic,1E062437SE,M,11,37,54
272,Leslie,0A575D28SE,F,16,16,19
273,ANNE,6E070173V2,F,9,73.5,120
274,HUGUETTE,03056264V2,,73,87,100
275,Victorien,191C631BSE,M,11,11,11
276,Anne,2758643AV2,F,9,73.5,120
277,Jean-Herve,0273431AV2,,0,0,0
278,Benedicte,2C3A4439V1,F,14,50,57
279,Dominique,26394835V1,X,13,63,82
280,Joris,4B38432ASE,M,8,13,17
281,Sylvain,300D1527V1,M,8,36,55
282,AUDREY,0C730311SE,F,8,20.0,46
283,Jean-Marc,6D280668V1,M,16,61.5,69
284,Severine,634B1B12V1,,38,44.5,50
285,Margaux,0C2D3B0FSE,F,8,13,32
286,Stephanie,101D6C1FV1,F,9,41,54
287,Francoise,1B0B6810V2,,51,82,120
288,Antonin,2D0C0038SE,M,8,12.0,19
289,Arnaud,24105050V1,M,8,28.5,56
290,Elen,70293149V1,,0,0,0
291,Isabelle,55260313V1,F,8,50,120
292,Stephanie,31473D09V1,F,9,41,54
293,Mickael,1F182B3CV1,M,9,33.5,42
294,Anne-Francoise,7F3F1577V1,,0,0,0
295,Juliette,3C16117FES,F,8,16,120
296,MANON,107F066EJU,F,8,12.0,29
297,STEPHANE,080E0066V1,M,8,44,64
298,Charlene,42340D08SE,,0,0,0
299,ADELINE,640C1614SE,F,10,16,40
300,DAVID,61047806V1,M,8,19,54
301,Herve,2A3B5B26V1,,47,59.5,73
302,Anne-Sophie,6932057CSE,F,12,21.5,31
303,Laurence,02197948V2,,42,54,66
304,Marcel,0058492DV2,M,8,90.5,120
305,Thomas,16454730SE,M,8,14.0,46
306,Emilie,4D492301SE,F,8,15,118
307,Elodie,08474E24SE,F,8,18.5,43
308,Anne,642A2C5FSE,F,9,73.5,120
309,Sophie,4D3C1749V1,F,8,34,64
310,Cynthia,20180E25V1,F,10,15,34
311,STEPHANIE,7D1F6216SE,F,9,41,54
312,Claire,042F2153SE,F,8,29.5,120
313,Fabienne,12180A22V2,,12,54.5,66
314,Christophe,42380715V1,M,9,43,65
315,Ludivine,42320702SE,F,8,13,17
316,Emilie,260C564DSE,F,8,15,118
317,CECILE,666C181FSE,F,8,44.5,120
318,Michelangelo,04107006SE,,0,0,0
319,Carine,492D0457SE,F,14,43,48
320,Laurent,332C180EV1,M,8,44.5,120
321,GAELLE,0E061B60V1,,34,39,44
322,Astrid,433E1B4BSE,F,8,13.5,19
323,Benedicte,063C314ESE,F,14,50,57
324,Olivier,0B35365DSE,M,8,40,67
325,Vanessa,38214E30SE,F,8,34,48
326,Mickael,091F2C2DSE,M,9,33.5,42
327,JULIE,087D0F65SE,F,8,15,46
328,Martine,0A0B3332V2,,52,65.5,79
329,Raphaelle,36181A68SE,,0,0,0
330,Laure-Anne,24542245SE,,0,0,0
331,Caroline,37582909V1,F,8,35,64
332,Thomas,0C2C2559SE,M,8,14.0,46
333,Maxime,48220B4ESE,M,8,13,114
334,Quentin,4F271318SE,M,8,13,34
335,Karine,2D5E260CV1,F,14,44,54
336,Karine,45211153SE,F,14,44,54
337,Emilie,24482E0DSE,F,8,15,118
338,Paul-Henri,75230563SE,,0,0,0
339,CLOE,0D0E7B64SE,F,8,11.5,16
340,Gaelle,210E4949V1,,34,39,44
341,CECILE,78040D7EV1,F,8,44.5,120
342,CELINE,78060D71V1,F,8,38,53
343,Sylvain,423E1202V1,M,8,36,55
344,Evelyne,130B2531V1,,51,65,86
345,Kristina,582E030FV1,,12,12,12
346,Marine,25045742SE,F,8,15,35
347,ALINE,7F136807SE,F,8,17,107
348,MAELLE,7D16056ASE,F,8,10.0,11
349,Sylvie,472D1D43V1,F,8,54.5,71
350,Justine,0D003C26SE,F,8,13,32
351,Charlotte,45260B09SE,F,8,16,120
352,NATHALIE,051C1962V1,F,8,44.5,64
353,Xavier,16434331SE,M,8,42,72
354,Marie-Line,4D376E0FSE,,0,0,0
355,Gwenaelle,19186C0AV1,,0,0,0
356,Jane,3C4E683FV1,F,10,10.5,13
357,Madeleine,1A6E0A68CA,F,8,92,120
358,SOPHIE,6269110DSE,F,8,34,64
359,ZELIE,1F691F60SE,F,8,12,16
360,Melanie,32080B2BV1,F,8,32.5,42
361,Charles,3E433607JU,M,8,75,120
362,CEDRIC,070D7679SE,M,10,38,51
363,Claire,5835094FSE,F,8,29.5,120
364,ADELINE,050A1C1BSE,F,10,16,40
365,Agnes,39522148SE,,46,55.5,119
366,Christophe,38150B70V1,M,9,43,65
367,Sandrine,29011668V1,,34,46.5,60
368,Catherine,30131D76SE,F,8,65.5,120
369,Caroline,22081D79SE,F,8,35,64
370,Julien,1E405E3ESE,M,8,16.5,120
371,Karine,244B3300SE,F,14,44,54
372,Mickael,35493A08V1,M,9,33.5,42
373,Davy,50743D37SE,,12,12,12
374,DIDIER,66681000V2,,48,60.5,73
375,Jean-Marc,40481179V1,M,16,61.5,69
376,Sandrine,191D7745SE,,34,46.5,60
377,Magali,29015D4CSE,,35,42.5,47
378,Maeva,20562C44ES,F,8,13.5,33
379,Jerome,57422F13SE,,32,45,60
380,Severine,1869451ASE,,38,44.5,50
381,Gwendal,1422311ECA,M,9,12.0,18
382,Come,6E1A177DCA,,0,0,0
383,Yann,6E1A177DV1,M,8,12,49
384,Valerie,36021129V2,M,13,48.5,59
385,Marine,20055F4CSE,F,8,15,35
386,Alienor,24241E0CSE,F,8,12,16
387,Helene,36075E4ESE,,32,75,120
388,Jean-Francois,77240460V3,,66,67,69
389,Marie-Odile,384B2A62V3,,0,0,0
390,AURELIEN,05161669SE,M,8,16,41
391,Caroline,09077F49ES,F,8,35,64
392,Virginie,2B3C5C2CSE,F,16,42,55
393,Helene,3D3E5A20SE,,32,75,120
394,Carole,09514935SE,,35,48.5,60
395,Marie Laurence,4C386A12SE,,0,0,0
396,Nicolas,05162829SE,M,8,18,58
397,Stephanie,180D7B11V1,F,9,41,54
398,GHISLAINE,720B021EV2,,53,60.5,68
399,Francois,1C077F52SE,,33,77.5,120
400,Sophie,52592D1DV1,F,8,34,64
401,AMELIE,0D107360V1,F,8,35,119
402,Caroline,3E180C65V1,F,8,35,64
403,NATHALIE,00046B6FV1,F,8,44.5,64
404,Melanie,1831211CSE,F,8,32.5,42
405,Marc,325F6D3FSE,M,8,65,120
406,Patrick,344E3C18V2,M,8,60.5,86
407,Armelle,09092728V1,F,9,9,9
408,Joelle,0052443CV1,,56,66,75
409,ALAIN,12690F69V2,M,14,69.5,93
410,Cecile,5158370CSE,F,8,44.5,120
411,Virginie,0D1A7255V1,F,16,42,55
412,Caroline,020D784BSE,F,8,35,64
413,Gwenaelle,18187002V1,,0,0,0
414,Valerie,1435341CV1,M,13,48.5,59
415,Virginie,06774E02V1,F,16,42,55
416,GUILLAUME,14741870SE,M,8,18,115
417,Ludovic,0F3F2808V2,M,11,37,54
418,Sthephane,017E1078V1,,0,0,0
419,ANTHONY,07181014SE,M,8,17.5,49
420,Katell,45270D51V1,F,8,11.0,14
421,Sally,28532340SE,F,8,8,8
422,CHARAZETT,761F0410V1,,0,0,0
423,Mustapha,2D593D06SE,M,9,9,9
424,Sebastien,060E651AV1,M,8,37,51
425,Christophe,0C056C1CV1,M,9,43,65
426,Christelle,0B681535V1,F,10,40.5,52
427,LAURENCE,0A7A6506V1,,42,54,66
428,Yaelle,35154C47SE,,0,0,0
429,Sebastien,1A76007BSE,M,8,37,51
430,DELPHINE,0E000773SE,F,8,40,54
431,SEVERINE,19001D66SE,,38,44.5,50
432,Sonia,5A3C543DSE,F,8,35,52
433,Aurore,230F4D4BSE,F,8,15.0,42
434,Adeline,141F136AV1,F,10,16,40
435,Claire,38215531V2,F,8,29.5,120
436,Charles,1E04232FV1,M,8,75,120
437,Elodie,27134644SE,F,8,18.5,43
438,HELENE,0D1A6565SE,,32,75,120
439,Morgane,271B1B27SE,F,8,14,32
440,MATHILDE,000A027FSE,F,8,13,120
441,Magali,045B4535V1,,35,42.5,47
442,Sarah,2B413B44SE,F,8,14,42
443,Sabine,4F4E3F08SE,,45,52.5,60
444,BENJAMIN,6267071ESE,M,8,15,44
445,Hassan,53290F56V2,M,8,9,13
446,MAGALI,7F13670EV1,,35,42.5,47
447,Gwenael,11043935V2,,0,0,0
448,Isabelle,62024F2CV2,F,8,50,120
449,Helene,28044E40V1,,32,75,120
450,Joan,235D6B2ASE,M,8,12,16
451,Justine,04303C1FSE,F,8,13,32
452,VALERIE,13681B00V1,M,13,48.5,59
453,Melanie,4B2A110FSE,F,8,32.5,42
454,Chantal,30021B39V2,,51,66.5,85
455,Elodie,49473B09SE,F,8,18.5,43
456,Sylvain,01362607SE,M,8,36,55
457,Graziella,211D1164SE,,0,0,0
458,Anne Lise,310C6450SE,,0,0,0
459,Geraldine,23483117SE,,43,45.5,51
460,Domitille,121D7001V1,F,8,12.5,18
461,Anne Sophie,6E3D0567V1,,0,0,0
462,JEANNE,0B00607AJU,F,8,20.5,120
463,Francoise,09047C03V2,,51,82,120
464,Wilfried,6B182C3AV1,M,8,13,16
465,Julie,432C5C49SE,F,8,15,46
466,Marion,59432103SE,F,8,15,42
467,Pierrick,210F026BSE,,0,0,0
468,Regine,4634024BV2,,63,76.5,90
469,MAELLE,6B070471SE,F,8,10.0,11
470,MARIE,6E0E6405V1,F,8,41,120
471,Nelly,4B31403BV2,F,8,15.0,44
472,STEPHANIE,771D151AV1,F,9,41,54
473,ISABELLE,650D140DV2,F,8,50,120
474,Olivia,5E5F3B1ASE,F,8,11,17
475,Laurence,0C0D654BV2,,42,54,66
476,Anne-Marie,4C673E16V2,,58,72,91
477,Mathieu,0B003F36SE,M,8,15.0,46
478,CHRISTELLE,146F0E06V1,F,10,40.5,52
479,Audrey,024B4128SE,F,8,20.0,46
480,Aurore,3D1A504ASE,F,8,15.0,42
481,Karine,0D565A26V2,F,14,44,54
482,Sabrina,593A1415V1,F,8,16.5,43
483,CHARLOTTE,070D0C74SE,F,8,16,120
484,Delphine,582A1C02SE,F,8,40,54
485,Anne,6E333357SE,F,9,73.5,120
486,Carole,555B3C10V2,,35,48.5,60
487,Carole,5F5B3808SE,,35,48.5,60
488,Anne-Laure,793F0463SE,F,15,15,15
489,HERVE,6216677AV2,,47,59.5,73
490,Julie,5D345744SE,F,8,15,46
491,Lydie,34492752V1,,0,0,0
492,PATRICIA,0472170CV1,F,8,57,74
493,GWENAELLE,0566011CV1,,0,0,0
494,Delphine,24041577SE,F,8,40,54
495,Madeleine,2917026DSE,F,8,92,120
496,Christophe,14087E1DV1,M,9,43,65
497,BEATRICE,7F10170ASE,F,8,55,71
498,Sandrine,04604806SE,,34,46.5,60
499,MARIE,0E6C0A64JU,F,8,41,120
500,DELPHINE,137B6F09SE,F,8,40,54
501,Lionel,295D2407SE,,42,55,70
502,Florence,24562100V2,F,9,54.5,75
503,Lea,2A010926ES,F,8,12.5,108
504,Isabelle,17196B45V2,F,8,50,120
505,Jean-marc,00147048V2,M,16,61.5,69
506,Gilles,4C2F0159V1,,47,60,76
507,NICOLAS,6F0F1300CA,M,8,18,58
508,SEVERINE,650C1708V1,,38,44.5,50
509,MELINDA,040D0A0FV1,F,10,10,10
510,Carine,111C7A00SE,F,14,43,48
511,Delphine,0202674ASE,F,8,40,54
512,JEAN-FRANCOIS,051C7D6DSE,,66,67,69
513,GWENAELLE,141D7006V1,,0,0,0
514,Hugues,00564029V1,M,11,15,55
515,Franck,2B1D4447V1,M,8,47,66
516,Kevin,2B443146SE,M,8,15,37
517,Myriam,22105740V1,F,8,44,68
518,Olivier,34201A06SE,M,8,40,67
519,ALAIN,15690F69V1,M,14,69.5,93
520,Justine,1D022521SE,F,8,13,32
521,Helene,0E465723SE,,32,75,120
522,LIONEL,0B657C0CV1,,42,55,70
523,MELISSA,1802191DSE,F,8,13,35
524,Gilles,2C1E4E5FV2,,47,60,76
525,Laetitia,2B110B61V1,F,8,33,50
526,Nathalie,21091A79V1,F,8,44.5,64
527,LAURA,6C1D660CSE,F,8,13,36
528,Romain,3D193154SE,M,8,14,43
529,Katherine,3B130262SE,,0,0,0
530,CATHERINE,14630F7FV1,F,8,65.5,120
531,ESTELLE,641E1F0ESE,F,8,14,46
532,Emilie,213D422BES,F,8,15,118
533,SIGRID,1A0D7E67SE,,0,0,0
534,JEROME,15767A03SE,,32,45,60
535,Amelie,0A51583FES,F,8,35,119
536,Louise,08415D28CA,F,8,16,120
537,Patrice,0000242CV2,,44,58.5,73
538,Charlotte,3D0B1A77SE,F,8,16,120
539,Olivier,20121935SE,M,8,40,67
540,LAURENE,1A1D1B0FSE,,0,0,0
541,Loelia,1B4D472DSE,,0,0,0
542,Anne-Marie,23596136SE,,58,72,91
543,DIDIER,10697C07V4,,48,60.5,73
544,Karine,0F5F5C23V1,F,14,44,54
545,Fabienne,18604701V1,,12,54.5,66
546,Margaux,1E2E2A11CA,F,8,13,32
547,Marie,2A492553SE,F,8,41,120
548,Thomas,1548452DV2,M,8,14.0,46
549,Magali,5D4A2212V1,,35,42.5,47
550,Gwenael,00242514V1,,0,0,0
551,Alexandra,001B6E13SE,F,8,22.5,49
552,Benjamin,1A6B4B0ASE,M,8,15,44
553,Flavie,465E321CSE,F,8,14,19
554,Christelle,1E0D7715SE,F,10,40.5,52
555,Jacky,264B3344V1,,86,86,86
556,Lea,31181C58CA,F,8,12.5,108
557,Nathalie,1F625818V1,F,8,44.5,64
558,Emmanuelle,422D0808V1,F,8,38,54
559,Antoine,41331C0DSE,M,8,17.0,120
560,Gaetane,31204426SE,,0,0,0
561,Pierre,22523B1FSE,M,8,41.5,120
562,Isabelle,38150C74V1,F,8,50,120
563,NATHALIE,6A0E171EV1,F,8,44.5,64
564,Mathieu,033F2215SE,M,8,15.0,46
565,SEVERINE,6E1A0C06V1,,38,44.5,50
566,Laetitia,2B021B7BSE,F,8,33,50
567,Regis,5D3A4021V2,,0,0,0
568,Veronique,5B230C02V1,,42,54,66
569,GWENAELLE,020C1B76V1,,0,0,0
570,Marion,2B125049SE,F,8,15,42
571,LOIC,057D6A0AV2,,27,39.5,53
572,Aglae,35412442SE,F,12,13.0,14
573,CORENTIN,0F0C647BCA,M,8,12,26
574,GAEL,6878161ASE,,0,0,0
575,Stephanie,13107C19SE,F,9,41,54
576,Elsa,723B2D43V1,F,8,11.5,33
577,Gildas,340A4244SE,,0,0,0
578,Morgane,3E111C25V1,F,8,14,32
579,Morgane,43310111V1,F,8,14,32
580,ALEXANDRE,0C1A6F17SE,M,8,16.0,120
581,Chrystele,120C7007V1,,0,0,0
582,Helene,3059241DCA,,32,75,120
583,Claire,5A5B211ESE,F,8,29.5,120
584,Pauline,1C002C2ASE,F,8,13,120
585,MARINE,01036A6CSE,F,8,15,35
586,HELOISE,0E0C0E09SE,,0,0,0
587,SOPHIE,6700166EV2,F,8,34,64
588,Virginie,3900166ASE,F,16,42,55
589,Celine,4C3D1B51SE,F,8,38,53
590,Gaela,47325F2ASE,,0,0,0
591,Tifenn,4E2E1C4BV1,,0,0,0
592,Aude,39214564V1,F,11,16,42
593,Aurelie,37552919SE,F,8,34,44
594,ROZENN,6E0C1A7EV1,,0,0,0
595,Max,01242C05JU,M,8,16.0,109
596,Roland,371B544AV2,,68,87,105
597,Miguel,231F455ESE,M,9,12.5,16
598,Juliette,241B0560CA,F,8,16,120
599,Morgane,271B0A2ESE,F,8,14,32
600,Sebastien,255B3D18SE,M,8,37,51
601,CEDRIC,011C7D79V1,M,10,38,51
602,Fanny,345E3557SE,F,8,14.5,37
603,SOLENN,6E071D7DES,F,11,14,16
604,Claire,221D5942V1,F,8,29.5,120
605,Nathalie,2B101163V1,F,8,44.5,64
606,Anais,1D323E46SE,,27,33,35
607,Kristell,3B204934V1,,0,0,0
608,Christopher,146C0136SE,M,8,16,36
609,Laetitia,1F60591DV1,F,8,33,50
610,Veronique,721C6C18V3,,42,54,66
611,Nicolas,230C0E26SE,M,8,18,58
612,Sylvie,4F5F361EV1,F,8,54.5,71
613,CARLA,0B6C0264CA,F,8,14,24
614,Jean-Francois,026E5B04SE,,66,67,69
615,Sylvain,3B040835SE,M,8,36,55
616,Loic,3D2D4369V1,,27,39.5,53
617,PAULINE,150C001FSE,F,8,13,120
618,Sandrine,2C1F1863SE,,34,46.5,60
619,GWENAELE,0B021D67V1,,0,0,0
620,JULIANE,060B1D00SE,,0,0,0
621,MATHILDE,170C6064SE,F,8,13,120
622,Pauline,01132730SE,F,8,13,120
623,Pauline,4D2D141BSE,F,8,13,120
624,SABRINA,02121C18SE,F,8,16.5,43
625,David,48345F29SE,M,8,19,54
626,Yann,496C3E3CV1,M,8,12,49
627,Elodie,144A5E2ESE,F,8,18.5,43
628,Mathilde,3C413F0ESE,F,8,13,120
629,Guillaume,4B3B031ASE,M,8,18,115
630,Laurence,5B391114V1,,42,54,66
631,ANNE-ABEL,68651414V1,,0,0,0
632,AURELIE,6804070FES,F,8,34,44
633,OLIVIER,7B0F1203V1,M,8,40,67
634,Melanie,1821381BSE,F,8,32.5,42
635,Clement,3B0E1E39SE,M,8,16,40
636,Philippe,1D604E15SE,M,8,64.5,112
637,Aurelie,136F7E3ASE,F,8,34,44
638,Veronique,48250319V1,,42,54,66
639,Karine,534E3F10V1,F,14,44,54
640,Adeline,453E1A16SE,F,10,16,40
641,Nathalie,55330B1CV2,F,8,44.5,64
642,PAULINE,020B1C16SE,F,8,13,120
643,Yohan,3B3D4137SE,M,8,12,17
644,Isabelle,01724805V2,F,8,50,120
645,MATHILDE,7E74021DSE,F,8,13,120
646,Olivier,17262F0EV2,M,8,40,67
647,JENNIFER,190A7E63SE,F,11,31,41
648,Melanie,1608262ESE,F,8,32.5,42
649,Arnaud,4134164BSE,M,8,28.5,56
650,Melissa,2423061CSE,F,8,13,35
651,Graziella,1E0D780ASE,,0,0,0
652,Elodie,4E592B1ESE,F,8,18.5,43
653,Helene,49582A17ES,,32,75,120
654,Isabelle,0D725019V2,F,8,50,120
655,Mylene,1B594128V2,,0,0,0
656,Oana,27436626SE,,0,0,0
657,Frederic,6D47091CV1,M,11,48,66
658,Louis,204E2859CA,M,8,19.5,120
659,Nicolas,3D0C073BV2,M,8,18,58
660,PRESCILLIA,177E1D0FSE,,10,10,10
661,Sylvie,575D3614SE,F,8,54.5,71
662,DOMINIQUE,770E0A06V1,X,13,63,82
663,Aude,5A693E2FV1,F,11,16,42
664,MICHEL,7705046CV1,M,8,73,119
665,Lenaig,2E0D2547SE,,0,0,0
666,Timothee,4F0A0764CA,M,8,12,16
667,Marianne,230F0762V2,F,8,14,57
668,CHARLENE,021A7964SE,,0,0,0
669,Juliette,040D6244V1,F,8,16,120
670,Loic,7021285ESE,,27,39.5,53
671,Karine,01585137V1,F,14,44,54
672,Yvan,33354E7CV1,M,9,13.5,97
673,Elodie,442C094ASE,F,8,18.5,43
674,Laurence,09724B0ASE,,42,54,66
675,LOEIZA,7F661406SE,,0,0,0
676,Marie,375B3043V1,F,8,41,120
677,Gwenael,11023838JU,,0,0,0
678,Yann,28204E7CCA,M,8,12,49
679,Marine,280F464FSE,F,8,15,35
680,ANNE CLAIRE,0E097164SE,,0,0,0
681,Alberic,370F1D21SE,,0,0,0
682,BEAUTY,75161C64V1,,0,0,0
683,Nathalie,01117466SE,F,8,44.5,64
684,Elise,2448335DSE,F,8,12.0,120
685,Christian,2F1F1A69SE,M,8,73,107
686,MICHEL,17066763V2,M,8,73,119
687,Eleonore,0F1D7F48SE,F,8,12,16
688,Marie-Francoise,403E6E0FV3,,0,0,0
689,Christelle,3E120C77V1,F,10,40.5,52
690,Emeline,331A1628SE,F,9,14.5,19
691,Pascal,2E144048V3,M,13,51.5,66
692,SANDRINE,0A081C64V1,,34,46.5,60
693,Benedicte,201C107DSE,F,14,50,57
694,Chrystele,7E393A42V1,,0,0,0
695,Bruno,58245728V1,M,8,51.5,70
696,Jean-Yves,330C675DV4,,0,0,0
697,Florence,2D3F5F2FV1,F,9,54.5,75
698,MATHIE,7577011DSE,,0,0,0
699,PIERRICK,05101978V2,,0,0,0
700,Herve,22572D44V1,,47,59.5,73
701,Pascale,5A35101CV2,,48,55.5,63
702,HELENE,7C0C137DSE,,32,75,120
703,Yann,4075343CV1,M,8,12,49
704,HELENE,016E1A1FSE,,32,75,120
705,JEROMINE,1E08007CSE,,0,0,0
706,Aurelie,4B361D1FSE,F,8,34,44
707,ERIC,020C0D10V1,M,8,47.5,71
708,Christophe,18006A11SE,M,9,43,65
709,AURELIE,09760A0FSE,F,8,34,44
710,CLEMENTINE,1E7E0111CA,F,8,12,16
711,Charline,0676480FSE,F,8,12,19
712,Jean-Francois,1A6E4B02SE,,66,67,69
713,Herve,5E3A5427V1,,47,59.5,73
714,Thomas,443A095ASE,M,8,14.0,46
715,Jacinthe,272F4B37SE,,12,12,12
716,CLOTILDE,710A121DV1,F,8,11,16
717,Tristan,16153E2DSE,M,8,12.5,21
718,Delphine,315C250EV1,F,8,40,54
719,Carole,26174E41SE,,35,48.5,60
720,Patrick,31245234V2,M,8,60.5,86
721,Carine,492D0457SE,F,14,43,48
722,Myriam,0A4F4B29V1,F,8,44,68
723,Constance,07137E1AES,F,8,12.5,19
724,Servane,332F4A24SE,,0,0,0
725,Victor,270E5059SE,M,8,13,120
726,Emilie,45413E15SE,F,8,15,118
727,Coraline,330E0D65ES,F,15,15,15
728,Jean-Louis,301D6F4BV1,,60,69,79
729,Erwan,43234620SE,M,8,12.0,19
730,G2RALDINE,7B037A00V1,,0,0,0
731,Sylvie,39144F54V1,F,8,54.5,71
732,Adeline,2105013BV2,F,10,16,40
733,OLIVIER,0F061A01V2,M,8,40,67
734,Cedric,502A1E50V1,M,10,38,51
735,Marina,492E194CV1,F,8,16,42
736,Marie,31275335SE,F,8,41,120
737,Mehdi,402C5F3FSE,M,8,13.0,29
738,Quentin,28101829SE,M,8,13,34
739,MARYLISE,0C1F0D7EV1,,0,0,0
740,Jean-Marie,2F596223SE,,60,70.5,78
741,Lola,37487A24JU,F,8,12,22
742,Sylvia,2A412214V2,F,16,34.0,52
743,Veronique,71196B09V2,,42,54,66
744,Angelique,330B1A72SE,F,10,36,45
745,Herve,4D364C31V3,,47,59.5,73
746,Emma,4C682B38JU,F,8,12.0,28
747,Alexandre,0C27394BSE,M,8,16.0,120
748,ERWAN,171E771ASE,M,8,12.0,19
749,Pierre,0F544124SE,M,8,41.5,120
750,FLORENCE,6C031B09V2,F,9,54.5,75
751,.Alexandre,5C5D3907SE,,0,0,0
752,Solen,345A3144V1,,0,0,0
753,Florine,2A2D5F25SE,,0,0,0
754,Marie,57285A2FSE,F,8,41,120
755,Jacques,09312C05V2,M,8,82,120
756,Marjolaine,0A66132CSE,,0,0,0
757,Mary,2D507F2ESE,,0,0,0
758,VERONIQUE,1E7F1118V2,,42,54,66
759,Florian,29553C0ESE,M,8,15.5,39
760,Gwenael,2B1B1A2CV2,,0,0,0
761,Jean-Luc,6A20076AV2,,55,62.5,70
762,Erwann,4C220F50V1,M,8,14.5,19
763,Konogan,20463F00ES,,0,0,0
764,Annie,442D5829V2,,56,73.5,93
765,CHARLOTTE,0C040C61SE,F,8,16,120
766,David,2347234BV1,M,8,19,54
767,VERONIQUE,161E1008V2,,42,54,66
768,Pauline,523D1503SE,F,8,13,120
769,Christophe,2024572AV2,M,9,43,65
770,Marion,3D423C01SE,F,8,15,42
771,ROZENN,0A0C7F06V1,,0,0,0
772,Catherine,2B1F0C6AV1,F,8,65.5,120
773,Maelys,2332523DSE,F,8,11,14
774,Frederic,193F2048V1,M,11,48,66
775,Vincent,40231D1BSE,M,8,28.5,103
776,ANNE ELISABETH,06176F7DSE,,0,0,0
777,Murielle,0B69521BV1,,49,54,57
778,Gaelle,26065A50V1,,34,39,44
779,Veronique,3519196AV2,,42,54,66
780,ERIC,14756C01V2,M,8,47.5,71
781,GAELLE,00080F7ASE,,34,39,44
782,Cyprien,3C224333SE,M,8,13.0,17
783,David,2353315CV1,M,8,19,54
784,Lucille,572C1513SE,F,8,12,17
785,Gaelle,0C283749SE,,34,39,44
786,Romain,19263F44SE,M,8,14,43
787,SUZANNE,140D1416SE,F,8,90.5,120
788,GUENHAEL,0C121770V2,,0,0,0
789,Michel,242E5B3BSE,M,8,73,119
790,ELEONORE,08130D78SE,F,8,12,16
791,Catherine,25031A74V2,F,8,65.5,120
792,Germain,251C1B3ASE,M,14,15.5,114
793,NATHALIE,0C1D1A7FV1,F,8,44.5,64
794,Sebastien,23010C76SE,M,8,37,51
795,SABRINA,13041303SE,F,8,16.5,43
796,Nelly,25355D2ASE,F,8,15.0,44
797,Maxime,156D1429SE,M,8,13,114
798,ISABELLE,6F0A0F15V2,F,8,50,120
799,MANON,7F0A1818CA,F,8,12.0,29
800,Sylvie,37174856V2,F,8,54.5,71
801,Stephanie,097C1C7FSE,F,9,41,54
802,Stephanie,0C0D7B11V1,F,9,41,54
803,Corinne,1D232348SE,,45,55,65
804,Cecile,3B422E1AV1,F,8,44.5,120
805,Guillaume,413B1A1ASE,M,8,18,115
806,Anne-Lise,6C06167FSE,,0,0,0
807,Annette,0300222BV3,,0,0,0
808,MARC,141C6368SE,M,8,65,120
809,Lauren,36194B4BSE,F,8,11.5,16
810,Cyril,21492F5CSE,M,8,35,53
811,Noemie,65142833SE,F,8,12.5,32
812,Cyril,264B3E40V1,M,8,35,53
813,Celine,2F114F4ASE,F,8,38,53
814,Bruno,542D483CV1,M,8,51.5,70
815,Emmanuelle,07680328SE,F,8,38,54
816,Typhaine,35244631SE,,0,0,0
817,Helena,4B351049SE,F,8,11.5,15
818,BEATRICE,6D031802V1,F,8,55,71
819,Fiona,57345823SE,F,8,14,19
820,Mailys,5527064CES,,0,0,0
821,Damien,3B184B40V1,M,8,18,46
822,Eric,7A292F40V1,M,8,47.5,71
823,Hadrien,2C0F0F25SE,M,8,11,16
824,Julie,225B255EV1,F,8,15,46
825,Stephane,523A000BV1,M,8,44,64
826,Pauline,3404133BSE,F,8,13,120
827,Benoit,52462904SE,M,12,44.5,61
828,Esther,3E412B11SE,F,8,12.0,17
829,VIRGINIE,191A687BSE,F,16,42,55
830,Julie,503C462ASE,F,8,15,46
831,Jeremy,4C34025BSE,M,8,15.0,40
832,Lucile,40330E4AES,F,8,12,27
833,Matthieu,5D36161DSE,M,8,16,45
834,Cecile,2A174E44V1,F,8,44.5,120
835,SANDRINE,1F040860V1,,34,46.5,60
836,Helene,20432200SE,,32,75,120
837,Valerie,3B010125SE,M,13,48.5,59
838,JULIE,06691B70SE,F,8,15,46
839,Sebastien,2906036DV2,M,8,37,51
840,ANITA,7D177409SE,F,8,9,13
841,MICKAEL,621B1303V1,M,9,33.5,42
842,Kevin,24492540SE,M,8,15,37
843,Melany,57482B18SE,,0,0,0
844,Edina,214A2D44SE,,0,0,0
845,Isabelle,21080669SE,F,8,50,120
846,SULIVAN,1F021C08SE,,10,11.0,12
847,Jean-philippe,0B187744V1,,0,0,0
848,Flavie,080E090BSE,F,8,14,19
849,Myriam,35374C30V1,F,8,44,68
850,Mathieu,2D140838SE,M,8,15.0,46
851,Ronan,37413C4ASE,M,9,14,19
852,Thierry,390B0725V1,M,11,52,67
853,Elise,5038443DSE,F,8,12.0,120
854,Lucie,5034472CSE,F,8,15,120
855,ARNAUD,7E68030BSE,M,8,28.5,56
856,Emilie,59453B15SE,F,8,15,118
857,Annaelle,0B615200V1,,0,0,0
858,Laetitia,3556330FV1,F,8,33,50
859,Julie,5222583AV1,F,8,15,46
860,Adeline,4E220B19SE,F,10,16,40
861,Alice,41254F25SE,F,8,16.0,120
862,SEBASTIEN,0F1A7001V1,M,8,37,51
863,Solenn,1F585D37SE,F,11,14,16
864,Lionel,4B201F4ASE,,42,55,70
865,Valerie,402D1209SE,M,13,48.5,59
866,CLAIRE MARIE,0C197261V1,,0,0,0
867,Goulven,2C1A082CSE,,0,0,0
868,Amandine,4D3F0415SE,F,8,15.5,39
869,Celine,28483C06SE,F,8,38,53
870,Eric,20304360SE,M,8,47.5,71
871,Maud,476F423FSE,F,8,13,19
872,GURWAN,7807087DV1,,0,0,0
873,LAURENCE,6C14060DV1,,42,54,66
874,Solene,14524B37ES,,0,0,0
875,Valerie,0B132320V2,M,13,48.5,59
876,Katia,21492A44V1,F,9,43.0,51
877,Jerome,3B432807V1,,32,45,60
878,Stephane,36131F70V1,M,8,44,64
879,Aurelie,1F16272FSE,F,8,34,44
880,Arnaud,25294A20SE,M,8,28.5,56
881,Jules,5D2C4234CA,M,8,13.5,120
882,Malou,3545264DES,F,8,8,8
883,Christelle,39120B76V1,F,10,40.5,52
884,Isabelle,4F26001BV1,F,8,50,120
885,Stephanie,1D760E75V1,F,9,41,54
886,Sylvain,1219213FV1,M,8,36,55
887,Alexandre,19651762SE,M,8,16.0,120
888,Pascal,4E402C1AV2,M,13,51.5,66
889,Floriane,7B451317ES,F,10,13.5,16
890,Elodie,30145A49SE,F,8,18.5,43
891,Jerome,3B1D4742V1,,32,45,60
892,Sandrine,3558351FV1,,34,46.5,60
893,Marion,424A3808SE,F,8,15,42
894,Severine,0D6F5112V1,,38,44.5,50
895,Camille,2F0D084CSE,F,8,14,120
896,Nelly,38352D7CV2,F,8,15.0,44
897,Alexandre,1E7F0666SE,M,8,16.0,120
898,Alexia,5F413E0FSE,F,8,13.5,28
899,CATHERINE,02730077V1,F,8,65.5,120
900,Marion,4850340DCA,F,8,15,42
901,Johan,4D264C40SE,M,8,12,17
902,Blandine,44260F02SE,F,8,11,16
903,Severine,0017674AV1,,38,44.5,50
904,Benedicte,250C0A76V1,F,14,50,57
905,Philippe,4D390311V3,M,8,64.5,112
906,Marie-Laure,41234131V2,,0,0,0
907,Hugo,30354F6DSE,M,8,13,33
908,Fanny,3A4A234CSE,F,8,14.5,37
909,Christian,1E14661AV2,M,8,73,107
910,Marie-Noelle,4E336809V2,,0,0,0
911,Ingrid,3B0A5C5ESE,,0,0,0
912,VALERIE,1F13190AV2,M,13,48.5,59
913,Thierry,121D3228V2,M,11,52,67
914,Ludmilla,4825050FSE,,0,0,0
915,Frederique,0074042CV2,,45,52,62
916,Gwenneg,0A2A361AES,,0,0,0
917,Franck,47423602V1,M,8,47,66
918,Jacqueline,06006A18V1,F,9,86,115
919,Eleonore,186D1938SE,F,8,12,16
920,Yann,64282F4DSE,M,8,12,49
921,Nadine,38004755V2,F,10,63,74
922,Elodie,01475B39V1,F,8,18.5,43
923,Alexandra,060E7815V1,F,8,22.5,49
924,JeanMichel,080D7436V1,,0,0,0
925,Mael,282B4C68SE,M,8,11.0,15
926,Pierre-Henri,08474813V1,,0,0,0
927,Brice,68111802SE,M,12,17,39
928,Amandine,07077849SE,F,8,15.5,39
929,Josee,23593957V1,,0,0,0
930,Marine,1C535731SE,F,8,15,35
931,Julie,20492F50SE,F,8,15,46
932,Pierre Yves,444A002CV1,,0,0,0
933,Adelaide,4E340A16SE,,0,0,0
934,Yvanna,4C231053SE,,0,0,0
935,Pierre,4C5E360BSE,M,8,41.5,120
936,ANDRE,00691961V3,M,8,86.5,120
937,DENISE,13027B76V2,,71,95,119
938,Dominique,3B4F3A1BV1,X,13,63,82
939,Audrey,285A2213SE,F,8,20.0,46
940,Catherine,17107F0EV2,F,8,65.5,120
941,Clemence,060B714ESE,F,8,14,36
942,Philippe,1C147051V2,M,8,64.5,112
943,Fabrice,06142D2DV1,M,16,46.5,56
944,SANDRINE,6C610409V1,,34,46.5,60
945,Anne,3B3A4564V1,F,9,73.5,120
946,AGATHE,0864770DCA,F,8,12.0,23
947,Olivia,124D5522V1,F,8,11,17
948,MARINE,1C6B6A01SE,F,8,15,35
949,Alice,20492445ES,F,8,16.0,120
950,BENOIT,0F116B61V2,M,12,44.5,61
951,Chloe,224D2149ES,F,8,13.5,34
952,Fanny,3B442348SE,F,8,14.5,37
953,Anne-Laure,07754D14SE,F,15,15,15
954,Carole,5F473904V1,,35,48.5,60
955,Lina,05081175SE,F,8,11,18
956,Beatrice,381B1D78V2,F,8,55,71
957,Laurine,2D180F3EES,F,8,13,19
958,Luciano,250C1325CA,,0,0,0
959,Sandie,32135440SE,,0,0,0
960,CLEMENT,071D0907SE,M,8,16,40
961,Typhaine,1B697626SE,,0,0,0
962,Audrey,3F215D25SE,F,8,20.0,46
963,Stephane,1D167952SE,M,8,44,64
964,Justine,3C21151BES,F,8,13,32
965,Erwan,5B3B4731SE,M,8,12.0,19
966,Sebastien,2B5C2D14SE,M,8,37,51
967,Catherine,39552904SE,F,8,65.5,120
968,Marie Astrid,3F542756V1,,0,0,0
969,Orianne,245C2E0BV1,,0,0,0
970,Sandrine,25021C6FV1,,34,46.5,60
971,TOM,1D0A1F05SE,M,8,12,25
972,CHRISTINE,611C1D1BV1,F,9,56,76
973,AMANDINE,08157965SE,F,8,15.5,39
974,Cindy,4039592DSE,F,8,26,41
975,Maxime,0847562ACA,M,8,13,114
976,NICOLAS,040A180AV1,M,8,18,58
977,Sylvain,1C18213ASE,M,8,36,55
978,Anne-Cecile,0A695704SE,,0,0,0
979,GAELLE,616E1613V1,,34,39,44
980,Karine,564B3813V1,F,14,44,54
981,Laurie,51503813SE,F,17,19,36
982,NELLY,006C1760V1,F,8,15.0,44
983,Franck,2548320ESE,M,8,47,66
984,Mathilde,031A7F48SE,F,8,13,120
985,Fanny,204E3F44SE,F,8,14.5,37
986,Olivia,03011321V1,F,8,11,17
987,Jerome,513B174AV1,,32,45,60
988,Nelly,334A2157V2,F,8,15.0,44
989,Pierre-Yves,00495902V2,,0,0,0
990,SOPHIE,06747703V1,F,8,34,64
991,Yoonah,0B4B5121V1,,0,0,0
992,Laurent,0702253EV2,M,8,44.5,120
993,Pauline,07133B2ESE,F,8,13,120
994,Julie,27593354SE,F,8,15,46
995,ALEXANDRA,06007F0DSE,F,8,22.5,49
996,Latifa,0C4C5131SE,F,16,16,16
997,Valerian,000A674DSE,,0,0,0
998,Peggy,3D472940V1,,0,0,0
999,Sebastien,00751065V1,M,8,37,51
1000,N. Ndeinodji,0F647D69SE,,0,0,0
1001,ALEXANDRA,7A090307V1,F,8,22.5,49
1002,Raphael,4A3A051ASE,M,8,12.5,46
1003,Stephanie,02031A04V1,F,9,41,54
1004,Camille,1329370DSE,F,8,14,120
1005,Emmanuel,13685813SE,M,8,35.5,56
1006,Oriane,4121174CSE,F,8,13,19
1007,VERONIQUE,187F0766V1,,42,54,66
1008,Phuc,1A2F385ESE,,0,0,0
1009,Magali,58463E1BV2,,35,42.5,47
1010,Cedric,522A0641SE,M,10,38,51
1011,Solenn,1D5F5E20V1,F,11,14,16
1012,Laetitia,1F1E7352SE,F,8,33,50
1013,Mickael,061D2831SE,M,9,33.5,42
1014,Aurelie,2F251E00SE,F,8,34,44
1015,Marine,49230457SE,F,8,15,35
1016,JEAN,0974730BSE,M,8,52.5,120
1017,Alexandra,260B1A7CV1,F,8,22.5,49
1018,CLAIRE,17007F70SE,F,8,29.5,120
1019,Jerome,21094C56V1,,32,45,60
1020,Caroline,7A0D6611SE,F,8,35,64
1021,PHILIPPE,751C1102V2,M,8,64.5,112
1022,TANGUY,7E041170JU,M,12,15,19
1023,Emeline,351D1520SE,F,9,14.5,19
1024,ISABELLE,0C756819V2,F,8,50,120
1025,Elise,532C482CSE,F,8,12.0,120
1026,Baptiste,181A7840SE,M,8,13,116
1027,Jean-Michel,22166441V2,,60,68,75
1028,DIEGO,6A167B16SE,M,8,11.5,17
1029,Marion,5526074ESE,F,8,15,42
1030,Emmanuelle,371C1261SE,F,8,38,54
1031,STEPHANIE,18740304V1,F,9,41,54
1032,Marie Helene,7C056A1AV1,,0,0,0
1033,Isabelle,0118754CSE,F,8,50,120
1034,Jean Michel,0B6C5004V1,,0,0,0
1035,Adrien,15424A26SE,M,8,16,120
1036,Helene,23044E44SE,,32,75,120
1037,Nolwenn,52231701SE,F,9,17,19
1038,Marie,0D392159SE,F,8,41,120
1039,Lydie,4D385D3BV1,,0,0,0
1040,Thibaut,0C113222SE,M,8,13.0,24
1041,ELODIE,11137F11SE,F,8,18.5,43
1042,Anne,34335E79SE,F,9,73.5,120
1043,Nicolas,0A053333V1,M,8,18,58
1044,Karine,1B465A28V1,F,14,44,54
1045,Marie Helene,4C285739V1,,0,0,0
1046,Amandine,1A0F6247SE,F,8,15.5,39
1047,Ophelie,30361004SE,F,8,13,16
1048,Jessica,17193A3FSE,F,8,16.5,41
1049,CELINE,7C1A056BV1,F,8,38,53
1050,Carolina,1C072532SE,,0,0,0
1051,AURELIE,12180D08SE,F,8,34,44
1052,CATHERINE,7B020810V1,F,8,65.5,120
1053,CHRISTOPHE,0916770EV1,M,9,43,65
1054,SOPHIE,1F7E7609V1,F,8,34,64
1055,Farielle,38355A35SE,,0,0,0
1056,Valerie,3D1F1A25V1,M,13,48.5,59
1057,LUCIE,01736C0CV1,F,8,15,120
1058,Cynthia,05342910SE,F,10,15,34
1059,Nathalie,03685812V1,F,8,44.5,64
1060,David,51375E20V1,M,8,19,54
1061,Jean-Claude,331C7D40V3,,61,72.5,83
1062,Olivier,1C0A2124V1,M,8,40,67
1063,Sophie,2F1A5F4AV1,F,8,34,64
1064,Camille,56241115SE,F,8,14,120
1065,France,08554C32V2,,74,90.0,107
1066,Julien,04584B38SE,M,8,16.5,120
1067,Alexis,494D3F1FSE,M,8,13,118
1068,Anne-Lise,7D2E0665SE,,0,0,0
1069,Anne-soizic,3E487F07V1,,0,0,0
1070,Stephane,235D280FV1,M,8,44,64
1071,SEBASTIEN,0E1A7007SE,M,8,37,51
1072,Julien,4D5C3E06SE,M,8,16.5,120
1073,Justine,12342717ES,F,8,13,32
1074,Pascal,43310D56V1,M,13,51.5,66
1075,Regis,5039553ESE,,0,0,0
1076,Caroline,56371115SE,F,8,35,64
1077,Servane,0E1A3023SE,,0,0,0
1078,Marion,3B085D5ASE,F,8,15,42
1079,Caroline,171B6942V1,F,8,35,64
1080,FLORENCE,1D0B746EV1,F,9,54.5,75
1081,Lily,26225969CA,F,8,11.0,17
1082,Lydie,43294322SE,,0,0,0
1083,Delphine,29001564SE,F,8,40,54
1084,FABIENNE,0965631EV1,,12,54.5,66
1085,Marie-Chrystelle,4B284A20V1,,0,0,0
1086,GREGORY,1B011E03V1,M,16,38.5,45
1087,BENEDICTE,0E007F02V2,F,14,50,57
1088,Cindy,53394327SE,F,8,26,41
1089,Antoine,3A31061DSE,M,8,17.0,120
1090,Sebastien,74077B18V1,M,8,37,51
1091,Severine,1304724DSE,,38,44.5,50
1092,Linda,20442D4CSE,F,8,12,16
1093,ANTOINE,15030A06JU,M,8,17.0,120
1094,Christelle,096C0836V1,F,10,40.5,52
1095,Marc,7B32314CV1,M,8,65,120
1096,Laurence,3A225927V1,,42,54,66
1097,ELISE,0464126CSE,F,8,12.0,120
1098,Nathalie,2B00167EV2,F,8,44.5,64
1099,Arielle,3E214B2DSE,F,9,10,11
1100,Sophie,2338463ASE,F,8,34,64
1101,Loraine,3C0B0C36SE,,0,0,0
1102,Rachel,2E075D4AV2,F,8,13,113
1103,Aline,17160361SE,F,8,17,107
1104,MARIE,71196A08SE,F,8,41,120
1105,Helene,2224483ASE,,32,75,120
1106,Sebastien,381B0B67SE,M,8,37,51
1107,ALEXANDRE,13027811V1,M,8,16.0,120
1108,Sandrine,38020075V1,,34,46.5,60
1109,Yoann,2E403155V1,M,8,12.5,36
1110,Mary,21427938V1,,0,0,0
1111,Celine,340A4F4DV1,F,8,38,53
1112,Marie,3942394ACA,F,8,41,120
1113,Vincent,2201012AV1,M,8,28.5,103
1114,CHLOE,76137913SE,F,8,13.5,34
1115,Carole,3E19564FSE,,35,48.5,60
1116,Veronique,13026F0DV1,,42,54,66
1117,Isabelle,2E150C75V2,F,8,50,120
1118,Isabelle,4122181AV2,F,8,50,120
1119,AURELIE,1F1D150ESE,F,8,34,44
1120,Isabelle,1C07725AV2,F,8,50,120
1121,Tiphaine,370A0779SE,F,8,13.5,19
1122,MICKAEL,1C010502SE,M,9,33.5,42
1123,Claire,2E13454BSE,F,8,29.5,120
1124,Emilie,351F5F58SE,F,8,15,118
1125,Vincent,0F342C06SE,M,8,28.5,103
1126,MAUD,7D110C04SE,F,8,13,19
1127,Felicie,4C390809SE,F,8,13,16
1128,NATHALIE,0078060EV1,F,8,44.5,64
1129,Yvan,355E7524V1,M,9,13.5,97
1130,Helene,513D0056SE,,32,75,120
1131,Gwen,1D7F1E42V1,,0,0,0
1132,GWENDAL,13110819V1,M,9,12.0,18
1133,Claudine,1D197550V2,,57,75,94
1134,Alexane,2312062FSE,F,11,15.0,17
1135,Nicolas,360F013CSE,M,8,18,58
1136,Anne-Lyse,360E7F4BSE,,0,0,0
1137,Celine,321A4E5FSE,F,8,38,53
1138,Bertrand,4C220818V1,,41,55,72
1139,CLAUDIE,6D150900V1,,0,0,0
1140,ANTOINE,0714081BSE,M,8,17.0,120
1141,Aline,3D4E2449V1,F,8,17,107
1142,Emilie,4C2C084CSE,F,8,15,118
1143,Audrey,4E201A50SE,F,8,20.0,46
1144,Yohan,32423F4DSE,M,8,12,17
1145,Laure,553E4A26SE,F,8,34.5,100
1146,Faustine,1C775B16SE,F,8,11.5,18
1147,Eric,352C4360V1,M,8,47.5,71
1148,Roseline,1B096E55V1,,0,0,0
1149,MELANIE,0F050401V1,F,8,32.5,42
1150,Nolwenn,3A081133SE,F,9,17,19
1151,Hannah,3C00545DSE,F,8,12,16
1152,Anne,632B3A48SE,F,9,73.5,120
1153,Oriane,26005D5CSE,F,8,13,19
1154,Elias,2C413649ES,M,8,11.0,17
1155,PAUL,66031365V2,M,8,21,120
1156,LISA,086C6412SE,F,8,12.0,27
1157,CEDRIC,1A606C0EV1,M,10,38,51
1158,Cecile,55230C4CV1,F,8,44.5,120
1159,Marie Line,55244D34V1,,0,0,0
1160,Emmanuelle,462A1F07SE,F,8,38,54
1161,Louise,4E3E0D5FSE,F,8,16,120
1162,Bruno,2A5E3D4AV2,M,8,51.5,70
1163,Christine,37150166V2,F,9,56,76
1164,Julien,2812535ASE,M,8,16.5,120
1165,Morgane,2B080D23SE,F,8,14,32
1166,Nicolas,25010A2BV1,M,8,18,58
1167,Claire,4E380E45SE,F,8,29.5,120
1168,Nicolas,042F2404SE,M,8,18,58
1169,Anthony,2048290CV1,M,8,17.5,49
1170,Emilie,3D4C2B04SE,F,8,15,118
1171,Guillaume,0B641B6BSE,M,8,18,115
1172,LAETITIA,1B70751DSE,F,8,33,50
1173,Virginie,0C674F0FSE,F,16,42,55
1174,Agnes,2152214ESE,,46,55.5,119
1175,Estelle,323E000ESE,F,8,14,46
1176,Emmanuel,38030F65SE,M,8,35.5,56
1177,Jerome,341B5055SE,,32,45,60
1178,Rachel,5533034BSE,F,8,13,113
1179,Yann,612F3C45V3,M,8,12,49
1180,Nathalie,0D10694BV1,F,8,44.5,64
1181,CELINE,68170266V1,F,8,38,53
1182,KATEL,076C116ASE,,0,0,0
1183,Carine,36023858SE,F,14,43,48
1184,Valerie,323F0E13V1,M,13,48.5,59
1185,Elisabeth,10116819V1,F,8,66,120
1186,Loic,6E382254V2,,27,39.5,53
1187,Estelle,0C143634V1,F,8,14,46
1188,NICOLAS,181F0517SE,M,8,18,58
1189,Bruno,3B573048SE,M,8,51.5,70
1190,Anne-Lise,1B794B4ESE,,0,0,0
1191,MICHELE,1A021803V2,,58,74,87
1192,VANESSA,090E021BV1,F,8,34,48
1193,DELPHINE,1B1F7661V1,F,8,40,54
1194,Frederique,27592509V1,,45,52,62
1195,ANITA,0C74006BV1,F,8,9,13
1196,EVAN,19656005CA,M,8,12.0,19
1197,Olivier,1B3C3303V1,M,8,40,67
1198,Salima,49543602V2,,0,0,0
1199,PIERRICK,03000177V1,,0,0,0
1200,MELINA,10056177SE,F,8,11,16
1201,Michel,3B044E56V4,M,8,73,119
1202,CELINE,1A0E727FV1,F,8,38,53
1203,Julie,473D4825SE,F,8,15,46
1204,Jerome,3A264827V2,,32,45,60
1205,DOMINIQUE ANNE,690C171BV3,,0,0,0
1206,Vanessa,22110E21SE,F,8,34,48
1207,JOLENE,65040A69SE,,0,0,0
1208,Helena,29593213V1,F,8,11.5,15
1209,Laetitia,4338090EV1,F,8,33,50
1210,Astrid,52281751SE,F,8,13.5,19
1211,Luc,0F71231BV2,M,8,13,61
1212,Karine,13544E32V1,F,14,44,54
1213,Berengere,76052A24SE,,0,0,0
1214,Virginie,481A0D7BV1,F,16,42,55
1215,Helene,4958301CSE,,32,75,120
1216,Gaelle,3D144D4BV1,,34,39,44
1217,Bertrand,16655403V2,,41,55,72
1218,Lucie,4D2A5E27SE,F,8,15,120
1219,Maxime,4920045DSE,M,8,13,114
1220,Soizic,442A1C58V1,,0,0,0
1221,Thierry,5B360A04V1,M,11,52,67
1222,Mathilde,3A170161SE,F,8,13,120
1223,Aurelie,0E393D04SE,F,8,34,44
1224,Beatrice,4707147EV1,F,8,55,71
1225,Mickael,2D0C1028SE,M,9,33.5,42
1226,Nathalie,1A6C4D1BV1,F,8,44.5,64
1227,STEPHANIE,0C78197FV1,F,9,41,54
1228,Axelle,532D0648SE,F,8,12,19
1229,SIGRID,0B786202V1,,0,0,0
1230,Assia,5D2F5B22SE,F,8,11,17
1231,SALAMA,7F160269SE,,0,0,0
1232,Charlotte,1B1A6B19SE,F,8,16,120
1233,Maryline,14137157V2,,0,0,0
1234,Samuel,11474B24V1,M,8,12,22
1235,FLORENCE,19061063SE,F,9,54.5,75
1236,Emilie,5E371350SE,F,8,15,118
1237,NATHALIE,15091C7ESE,F,8,44.5,64
1238,Celine,482D1C5EV1,F,8,38,53
1239,Karine,48251840V1,F,14,44,54
1240,Virginie,463F1B0CSE,F,16,42,55
1241,Laure,5235462FSE,F,8,34.5,100
1242,Marie Laure,23690B7AV1,,0,0,0
1243,Loraine,1E0E2C23ES,,0,0,0
1244,MATHILDE,1A790F09SE,F,8,13,120
1245,PAUL ARTHUR,1B7D7B04CA,,0,0,0
1246,Estelle,333F180ASE,F,8,14,46
1247,Mael,0D047B60JU,M,8,11.0,15
1248,Karen,364C224FV1,F,15,15,15
1249,Kumar,225C3C50V1,,0,0,0
1250,Mickael,16043C3DSE,M,9,33.5,42
1251,VERONIQUE,027F0F6CV1,,42,54,66
1252,MORGAN,1C7D620CSE,M,8,12.0,17
1253,CLAIRE,797F0216SE,F,8,29.5,120
1254,Jacqueline,293C5931V3,F,9,86,115
1255,Jean-pierre,2D3E4669V3,,59,71.5,84
1256,Nadege,02434232V1,,36,44,47
1257,Sami,3B44632FSE,M,8,11,17
1258,Alexandre,1E651762SE,M,8,16.0,120
1259,AGATHE,71681312V1,F,8,12.0,23
1260,Marie-edith,32461061SE,,0,0,0
1261,Karine,5E2B184BSE,F,14,44,54
1262,Audrey,330A5A53SE,F,8,20.0,46
1263,Virginie,1D077B48SE,F,16,42,55
1264,Aurelia,0F303F02SE,F,8,13,16
1265,ERIC,1E066360V1,M,8,47.5,71
1266,FLORENCE,1D177664V1,F,9,54.5,75
1267,Claire,444E240DSE,F,8,29.5,120
1268,Lena,26427433CA,F,8,12.0,17
1269,Isabelle,1C664705V1,F,8,50,120
1270,Nathalie,55381A15V1,F,8,44.5,64
1271,Annie,4F20503DV2,,56,73.5,93
1272,Emmanuelle,091F750ESE,F,8,38,54
1273,FRANCK,08736209V1,M,8,47,66
1274,Matthieu,19067949SE,M,8,16,45
1275,Sylvie,0D5E5A36V2,F,8,54.5,71
1276,Fabienne,7843010CV1,,12,54.5,66
1277,Marie Christine,5C354827V2,,0,0,0
1278,Bernard,5F2A0710V3,,50,77.5,119
1279,Leila,5D24503BSE,F,8,8.5,9
1280,Franck,35184F55SE,M,8,47,66
1281,Marion,144B583AV1,F,8,15,42
1282,Claire,1242582BSE,F,8,29.5,120
1283,Michel,35025748V4,M,8,73,119
1284,Anne Sophie,107D4C0ESE,,0,0,0
1285,MARIE,7C156110SE,F,8,41,120
1286,Thibaut,0000161CSE,M,8,13.0,24
1287,Anita,5E265322V1,F,8,9,13
1288,Anne-Gael,3C146F4DV1,,0,0,0
1289,Armelle,0F141506V1,F,9,9,9
1290,Enora,5E205526SE,F,8,13.0,19
1291,Eve-Marie,020C2B20SE,,0,0,0
1292,Myriam,014C5229SE,F,8,44,68
1293,Violaine,151A665FV1,,0,0,0
1294,CARINE,7C130A69V1,F,14,43,48
1295,Georges,043E260CV2,M,8,87,120
1296,Isabelle,156E5B0EV1,F,8,50,120
1297,Didier,5B54320EV2,,48,60.5,73
1298,RAPHAELE,0B7F0115SE,,0,0,0
1299,Sophie,1B56523BSE,F,8,34,64
1300,Celine,58523002V1,F,8,38,53
1301,LAURENCE,6E070811V2,,42,54,66
1302,Stephanie,080A6C0EV1,F,9,41,54
1303,Erwan,3E4A3254V1,M,8,12.0,19
1304,Sylvie,2F015858V1,F,8,54.5,71
1305,David,33492044V1,M,8,19,54
1306,Angelique,3C071D72SE,F,10,36,45
1307,Aurelie,523E171DSE,F,8,34,44
1308,Mireille,442F0500V1,,59,70.5,87
1309,SANDRINE,1B1C0A0FV1,,34,46.5,60
1310,Cathy,27532B4CSE,,0,0,0
1311,Muriel,262F5338V1,,46,56.5,67
1312,NELLY,1D6B1F7CV1,F,8,15.0,44
1313,Jeanne,3C17455BSE,F,8,20.5,120
1314,Mathilde,3C1A116CES,F,8,13,120
1315,Laura,55294F2ESE,F,8,13,36
1316,FLORIANE,0F1A1C63SE,F,10,13.5,16
1317,Isabelle,2C081073V2,F,8,50,120
1318,SOLENN,1D167465SE,F,11,14,16
1319,YANNICK,1015181FV2,M,9,44,72
1320,YOHANN,17167061CA,M,9,13,16
1321,Berengere,3D021675SE,,0,0,0
1322,Aurelie,342C081ASE,F,8,34,44
1323,Aurelie,342C081ASE,F,8,34,44
1324,ANNE,620A0B6ESE,F,9,73.5,120
1325,Bunnarith,1E611A79SE,,0,0,0
1326,Fabienne,795C1F1AV2,,12,54.5,66
1327,Jean-yves,7E4E7C0EV2,,0,0,0
1328,CHRISTIAN,1469177DV2,M,8,73,107
1329,Frederic,5C360507V1,M,11,48,66
1330,Arnaud,054F5B39V1,M,8,28.5,56
1331,Emilie,1B485621SE,F,8,15,118
1332,Valerie,1B0D2C3EV1,M,13,48.5,59
1333,Cecile,1F495322V1,F,8,44.5,120
1334,Veronique,27081F74V1,,42,54,66
1335,Catherine,35001C64V2,F,8,65.5,120
1336,AUDREY,17027A68V1,F,8,20.0,46
1337,Valerie,36331C04SE,M,13,48.5,59
1338,Benoit,4F2B114BSE,M,12,44.5,61
1339,Jean-marc,621E0B75V2,M,16,61.5,69
1340,KARINE,00127C76V2,F,14,44,54
1341,Marion,27195C56SE,F,8,15,42
1342,Ambika,350C475BV1,,0,0,0
1343,Auberi,1F4C4132SE,,0,0,0
1344,Herve,53334138V2,,47,59.5,73
1345,Lena,20374169V1,F,8,12.0,17
1346,Pascal,4E502610V1,M,13,51.5,66
1347,Sebastien,13611C7BV1,M,8,37,51
1348,Sandra,0456502DSE,F,8,39,54
1349,Perrine,21070639V1,F,8,12,16
1350,JEAN-PAUL,70151475V3,,64,72,77
1351,Albane,52340147V1,F,8,12,16
1352,ANNIE,721F670DSE,,56,73.5,93
1353,Aurelie,3A071F2CSE,F,8,34,44
1354,David,375F284CV1,M,8,19,54
1355,CHRISTELLE,05100F6ASE,F,10,40.5,52
1356,Marie-agnes,2B5F1861V2,,0,0,0
1357,Marinette,10680374SE,,0,0,0
1358,Mathieu,0E223B0FSE,M,8,15.0,46
1359,Gisele,13575A37V2,,74,88.5,102
1360,Mathilde,12116452SE,F,8,13,120
1361,Christophe,051C700CV1,M,9,43,65
1362,Maud,35476A20SE,F,8,13,19
1363,Veronique,2F161E7FV1,,42,54,66
1364,Roxane,532E0559SE,F,8,12,17
1365,Karine,525B2203V1,F,14,44,54
1366,Sylvie,19434823V2,F,8,54.5,71
1367,Virginie,10745517SE,F,16,42,55
1368,ANNE CHARLOTTE,7E72140ESE,,0,0,0
1369,Amir,49622625SE,M,8,11.0,16
